{
  "torres-RS": [
    -29.3373663,
    -49.7299648
  ],
  "passo de torres-SC": [
    -29.325393,
    -49.7218979
  ],
  "porto alegre-RS": [
    -30.0324999,
    -51.2303767
  ],
  "florianópolis-SC": [
    -27.5973002,
    -48.5496098
  ]
}